{
  "metrics": {
    "noisy_edge_error_mean_mm": 2010.1213243379696,
    "noisy_edge_error_max_mm": 73463.05927637569,
    "optimized_edge_error_mean_mm": 1.811489773160177e-11,
    "optimized_edge_error_max_mm": 1.2789769243681803e-10,
    "noisy_edge_std_mm": 3437.6326168967594,
    "optimized_edge_std_mm": 2.166136249423931e-11,
    "noisy_centroid_jitter_mm": 170.80999386539,
    "optimized_centroid_jitter_mm": 168.33972584313406
  },
  "config": {
    "topology": "ferret_head_v1",
    "n_frames": 5401,
    "n_markers": 8,
    "optimization": {
      "max_iter": 100,
      "lambda_data": 100.0,
      "lambda_rigid": 200.0,
      "lambda_rot_smooth": 100.0,
      "lambda_trans_smooth": 100.0
    },
    "chunked": true
  }
}