{
  "metrics": {
    "noisy_edge_error_mean_mm": 110.91945175607242,
    "noisy_edge_error_max_mm": 541.6712448983196,
    "optimized_edge_error_mean_mm": 2.7559964892242575e-13,
    "optimized_edge_error_max_mm": 1.3322676295501878e-12,
    "noisy_edge_std_mm": 139.25017731414448,
    "optimized_edge_std_mm": 3.761792282130859e-13,
    "noisy_position_error_mean_mm": 159.2020482286231,
    "noisy_position_error_max_mm": 476.79605499338015,
    "optimized_position_error_mean_mm": 56.41711241304409,
    "optimized_position_error_max_mm": 171.83835594168016,
    "improvement_percent": 64.56257124781088,
    "noisy_centroid_jitter_mm": 118.94909723205262,
    "optimized_centroid_jitter_mm": 55.709104370216906
  },
  "config": {
    "topology": "cube_asymmetric",
    "n_frames": 200,
    "n_markers": 11,
    "optimization": {
      "max_iter": 300,
      "lambda_data": 100.0,
      "lambda_rigid": 500.0,
      "lambda_rot_smooth": 200.0,
      "lambda_trans_smooth": 200.0
    },
    "chunked": false
  }
}